{
  "gain_settings": 8,
  "gain_error_pct": 0.7446318274096919,
  "bandwidth_hz": 16218.101,
  "power_uw": 7.023042000000001,
  "output_noise_uvrms": 25.71352,
  "thd_pct": 0.02089635477039067,
  "settling_time_us": 69.46476
}