{
  "gain_settings": 8,
  "gain_error_pct": 0.7353646524020152,
  "bandwidth_hz": 16595.8691,
  "power_uw": 7.027056,
  "output_noise_uvrms": 23.59438,
  "thd_pct": 0.02089911346164479,
  "settling_time_us": 67.16476
}