{
  "gain_settings": 8,
  "gain_error_pct": 0.6528770877146095,
  "bandwidth_hz": 14125.3754,
  "power_uw": 8.845758000000002,
  "output_noise_uvrms": 25.76327,
  "thd_pct": 0.020890012079061247,
  "settling_time_us": 78.16476
}