{
  "gain_settings": 8,
  "gain_error_pct": 0.646165410243249,
  "bandwidth_hz": 15488.1662,
  "power_uw": 9.786744,
  "output_noise_uvrms": 25.590980000000002,
  "thd_pct": 0.020887415981863063,
  "settling_time_us": 71.56476
}