{
  "measurements": {
    "enob": 21.292202874667336,
    "snr_db": 129.98816597476133,
    "thd_db": -149.43020571646505,
    "power_uw": 70.61095,
    "output_data_rate_sps": 5000.0,
    "input_range_v": 1.5999999999999999
  },
  "score": 1.0,
  "ota": {
    "ota_gain_db": 58.86904891331825,
    "ota_gbw_mhz": 6.366197723675814,
    "ota_idd": 1.233536e-05
  },
  "noise_floor": {
    "noise_rms_uv": 0.15190121830679149,
    "noise_lsbs_20bit": 0.09954998242953889
  },
  "linearity": {
    "max_inl_lsbs": 364868.9544294878,
    "monotonic": "False"
  },
  "pvt_worst_enob": 18.917722372322213,
  "robust_all_pass": true
}