{
  "measurements": {
    "enob": 18.896418076928683,
    "snr_db": 115.58754740205319,
    "thd_db": -133.41044456667709,
    "power_uw": 70.61095,
    "output_data_rate_sps": 5000.0,
    "input_range_v": 1.5999999999999999
  },
  "score": 1.0,
  "ota": {
    "ota_gain_db": 58.86904891331825,
    "ota_gbw_mhz": 1.5915494309189535,
    "ota_idd": 1.233536e-05
  },
  "noise_floor": {
    "noise_rms_uv": 1.0079172481933623,
    "noise_lsbs_20bit": 0.6605486477760019
  },
  "linearity": {
    "max_inl_lsbs": 1391949.8040369363,
    "monotonic": "False"
  },
  "pvt_worst_enob": 18.38839135965447,
  "robust_all_pass": false
}