{
  "enob": 11.704198377204596,
  "dnl_lsb": 4.042322032660195e-13,
  "inl_lsb": 2.279781964902507e-13,
  "conversion_time_us": 0.030600000000000002,
  "power_uw": 0.09177701444587937,
  "input_range_v": 1.798199099549775,
  "noise_rms_lsb": 0.6345990860377914,
  "sinad_db": 72.21927423077167,
  "sfdr_db": 83.36053742285948,
  "thd_db": -96.16270500213213,
  "monotonic": true,
  "comparator_offset_mv": 0.12500000000004174,
  "score": 1.0,
  "specs_met": "6/6"
}