{
  "enob": 11.645594563483924,
  "dnl_lsb": 0.34374999999989897,
  "inl_lsb": 0.22990199071811748,
  "conversion_time_us": 0.028800000000000003,
  "power_uw": 0.09801668461422995,
  "input_range_v": 1.798199099549775,
  "noise_rms_lsb": 0.6564480177439794,
  "sinad_db": 71.86647927217322,
  "sfdr_db": 83.13383478961345,
  "thd_db": -85.14516136042272,
  "monotonic": true,
  "comparator_offset_mv": 0.12500000000004174,
  "score": 1.0,
  "specs_met": "6/6",
  "mc_dnl_mean": 0.20031250000008285,
  "mc_dnl_worst": 0.4999999999999495,
  "mc_inl_mean": 0.15218750000021802,
  "mc_inl_worst": 0.3750000000000715,
  "mc_enob_mean": 10.252963485368046,
  "mc_enob_worst": 10.152339371388274,
  "mc_yield_dnl_pct": 100.0,
  "cap_sensitivity_done": true,
  "pvt_worst_delay_ns": 0.8999999999999998,
  "pvt_wrong_decisions": 0,
  "vcm_offset_dnl_max": 0.25
}