{
  "enob": 11.704721863901478,
  "dnl_lsb": 0.1250000000000504,
  "inl_lsb": 0.09375000000014302,
  "conversion_time_us": 0.030600000000000002,
  "power_uw": 0.09177701444587937,
  "input_range_v": 1.798199099549775,
  "noise_rms_lsb": 0.6779668133470841,
  "sinad_db": 72.22242562068689,
  "sfdr_db": 83.83344786404447,
  "thd_db": -93.62623810258029,
  "monotonic": true,
  "comparator_offset_mv": 0.12500000000004174,
  "score": 1.0,
  "specs_met": "6/6",
  "mc_dnl_mean": 0.1918750000001006,
  "mc_dnl_worst": 0.4999999999999495,
  "mc_inl_mean": 0.1512500000002241,
  "mc_inl_worst": 0.3125000000002852,
  "mc_enob_mean": 10.254646375232664,
  "mc_enob_worst": 10.153347593779406,
  "mc_yield_dnl_pct": 100.0,
  "cap_sensitivity_done": true,
  "pvt_worst_delay_ns": 1.4999999999999984,
  "pvt_wrong_decisions": 0,
  "vcm_offset_dnl_max": 0.1250000000003031
}