{
  "enob": 11.695142501590567,
  "dnl_lsb": 0.1250000000003031,
  "inl_lsb": 0.12500000000019837,
  "conversion_time_us": 0.030600000000000002,
  "power_uw": 0.09177701444587937,
  "input_range_v": 1.798199099549775,
  "noise_rms_lsb": 0.6661643941250538,
  "sinad_db": 72.16475785957522,
  "sfdr_db": 83.5029213296445,
  "thd_db": -92.41163261336924,
  "monotonic": true,
  "comparator_offset_mv": 0.12500000000004174,
  "score": 1.0,
  "specs_met": "6/6",
  "mc_dnl_mean": 0.19437500000008423,
  "mc_dnl_worst": 0.4999999999999495,
  "mc_inl_mean": 0.14687500000022888,
  "mc_inl_worst": 0.3125000000001436,
  "mc_enob_mean": 10.253550034812168,
  "mc_enob_worst": 10.135085740969135,
  "mc_yield_dnl_pct": 100.0,
  "pvt_worst_delay_ns": 1.4999999999999984,
  "pvt_wrong_decisions": 0
}