{
  "enob": 11.691213877228376,
  "dnl_lsb": 0.1250000000003031,
  "inl_lsb": 0.12500000000022635,
  "conversion_time_us": 0.030600000000000002,
  "power_uw": 0.09177701444587937,
  "input_range_v": 1.798199099549775,
  "noise_rms_lsb": 0.6543385973637806,
  "sinad_db": 72.14110754091483,
  "sfdr_db": 83.51198869746959,
  "thd_db": -91.53962458030867,
  "monotonic": true,
  "comparator_offset_mv": 0.12500000000004174,
  "score": 1.0,
  "specs_met": "6/6",
  "mc_dnl_mean": 0.18718750000009193,
  "mc_dnl_worst": 0.625000000000101,
  "mc_inl_mean": 0.1503125000002263,
  "mc_inl_worst": 0.31250000000028927,
  "mc_enob_mean": 10.258823916917468,
  "mc_enob_worst": 10.171098633741222,
  "mc_yield_dnl_pct": 100.0,
  "cap_sensitivity_done": true,
  "pvt_worst_delay_ns": 1.4999999999999984,
  "pvt_wrong_decisions": 0,
  "vcm_offset_dnl_max": 0.1250000000003031
}