{
  "measurements": {
    "enob": 19.979897532923204,
    "snr_db": 122.0937425994268,
    "thd_db": -141.05958634590598,
    "power_uw": 70.61095,
    "output_data_rate_sps": 5000.0,
    "input_range_v": 1.5999999999999999
  },
  "score": 1.0,
  "ota": {
    "ota_gain_db": 58.86904891331825,
    "ota_gbw_mhz": 1.5915494309189535,
    "ota_idd": 1.233536e-05
  },
  "noise_floor": {
    "noise_rms_uv": 0.41877907008498627,
    "noise_lsbs_20bit": 0.27445105137089665
  },
  "linearity": {
    "max_inl_lsbs": 1390167.6245701122,
    "monotonic": "False"
  },
  "pvt_worst_enob": 18.774892092889086,
  "robust_all_pass": true
}