{
  "measurements": {
    "enob": 20.476327190101987,
    "snr_db": 125.08633831893744,
    "thd_db": -143.73735998604212,
    "power_uw": 70.61095,
    "output_data_rate_sps": 5000.0,
    "input_range_v": 1.5999999999999999
  },
  "score": 1.0,
  "ota": {
    "ota_gain_db": 58.86904891331825,
    "ota_gbw_mhz": 3.183098861837907,
    "ota_idd": 1.233536e-05
  },
  "noise_floor": {
    "noise_rms_uv": 0.30751089763790407,
    "noise_lsbs_20bit": 0.20153034187597682
  },
  "linearity": {
    "max_inl_lsbs": 812968.5799968739,
    "monotonic": "False"
  },
  "pvt_worst_enob": 18.860655861664046,
  "robust_all_pass": true
}