{
  "enob": 11.6853941245894,
  "dnl_lsb": 0.15625000000040423,
  "inl_lsb": 0.12500000000006015,
  "conversion_time_us": 0.030600000000000002,
  "power_uw": 0.09177701444587937,
  "input_range_v": 1.798199099549775,
  "noise_rms_lsb": 0.6557735889771713,
  "sinad_db": 72.1060726300282,
  "sfdr_db": 83.78014831321158,
  "thd_db": -91.64258110398059,
  "monotonic": true,
  "comparator_offset_mv": 0.12500000000004174,
  "score": 1.0,
  "specs_met": "6/6",
  "mc_dnl_mean": 0.19968750000009106,
  "mc_dnl_worst": 0.5000000000002021,
  "mc_inl_mean": 0.15531250000022703,
  "mc_inl_worst": 0.3750000000002877,
  "mc_enob_mean": 10.252995691402733,
  "mc_enob_worst": 10.176757155353368,
  "mc_yield_dnl_pct": 100.0,
  "cap_sensitivity_done": true,
  "pvt_worst_delay_ns": 1.4999999999999984,
  "pvt_wrong_decisions": 0,
  "vcm_offset_dnl_max": 0.24999999999979794
}