{
  "enob": 11.684214751254823,
  "dnl_lsb": 0.25,
  "inl_lsb": 0.1250000000001944,
  "conversion_time_us": 0.030600000000000002,
  "power_uw": 0.09177701444587937,
  "input_range_v": 1.798199099549775,
  "noise_rms_lsb": 0.6442825467137845,
  "sinad_db": 72.09897280255403,
  "sfdr_db": 83.25697888738675,
  "thd_db": -90.28477274918794,
  "monotonic": true,
  "comparator_offset_mv": 0.12500000000004174,
  "score": 1.0,
  "specs_met": "6/6",
  "mc_dnl_mean": 0.1953125000000929,
  "mc_dnl_worst": 0.43749999999979794,
  "mc_inl_mean": 0.15343750000022172,
  "mc_inl_worst": 0.3125000000002901,
  "mc_enob_mean": 10.25577436823962,
  "mc_enob_worst": 10.178043181952898,
  "mc_yield_dnl_pct": 100.0,
  "cap_sensitivity_done": true,
  "pvt_worst_delay_ns": 1.4999999999999984,
  "pvt_wrong_decisions": 0
}