{
  "measurements": {
    "gain_db": 35.84169,
    "bandwidth_hz": 2920942.0,
    "cmrr_60hz_db": 257.20739000000003,
    "input_referred_noise_uvrms": 0.5335131000000001,
    "input_offset_uv": 2.3166380481079747e-08,
    "power_uw": 10.80006
  },
  "score": 1.0,
  "specs_met": 6,
  "total_specs": 6
}