{
  "measurements": {
    "gain_db": 35.83582,
    "bandwidth_hz": 3335786.0,
    "cmrr_60hz_db": 263.22912,
    "input_referred_noise_uvrms": 1.205429,
    "input_offset_uv": 1.2623851693820523e-09,
    "power_uw": 10.80004
  },
  "score": 1.0,
  "specs_met": 6,
  "total_specs": 6
}