{
  "measurements": {
    "gain_db": 35.78156,
    "bandwidth_hz": 1063655.0,
    "cmrr_60hz_db": 282.51246,
    "input_referred_noise_uvrms": 0.9187487000000001,
    "input_offset_uv": 9.935012977599956e-09,
    "power_uw": 10.80006
  },
  "score": 1.0,
  "specs_met": 6,
  "total_specs": 6
}