{
  "measurements": {
    "gain_db": 35.83755,
    "bandwidth_hz": 2732502.0,
    "cmrr_60hz_db": 260.97485,
    "input_referred_noise_uvrms": 1.32364,
    "input_offset_uv": 9.523365434084931e-09,
    "power_uw": 10.80003
  },
  "score": 1.0,
  "specs_met": 6,
  "total_specs": 6
}