{
  "power_uw": 14.802138000000001,
  "gain_db": 35.348893642733536,
  "bandwidth_hz": 87096.359,
  "cmrr_60hz_db": 122.88992530241208,
  "input_referred_noise_uvrms": 1.4688023855059233,
  "input_offset_uv": 0.0
}