{
  "measurements": {
    "gain_db": 34.14251,
    "bandwidth_hz": 2819106.0,
    "cmrr_60hz_db": 259.76431,
    "input_referred_noise_uvrms": 1.4001299999999999,
    "input_offset_uv": 8.507353318681545e-09,
    "power_uw": 10.80003
  },
  "score": 1.0,
  "specs_met": 6,
  "total_specs": 6
}