{
  "measurements": {
    "gain_db": 35.835,
    "bandwidth_hz": 9917260.0,
    "cmrr_60hz_db": 257.4131,
    "input_referred_noise_uvrms": 1.123518,
    "input_offset_uv": 2.4676223622801952e-08,
    "power_uw": 12.60006
  },
  "score": 1.0,
  "specs_met": 6,
  "total_specs": 6
}