{
  "measurements": {
    "gain_db": 35.83478,
    "bandwidth_hz": 6766832.0,
    "cmrr_60hz_db": 263.36918000000003,
    "input_referred_noise_uvrms": 1.13786,
    "input_offset_uv": 2.1922228033938336e-08,
    "power_uw": 10.80005
  },
  "score": 1.0,
  "specs_met": 6,
  "total_specs": 6
}